TransactionID,v1,v2,v3,v4,v5,v6,v7,v8,v9,v10,v11,v12,v13,v14,v15,v16,v17,v18,v19,v20,v21,v22,v23,v24,v25,v26,v27,v28,Amount,Class,Predicted_Label
103,-6.093247805,-12.11421274,-5.694973183,3.294389456,-1.413792092,4.776000425,4.808425817,-0.2281970083,-0.5258959405,-1.724899028,-0.3628180009,0.2861553005,0.4878357855,1.259957121,0.6604047042,0.4552631935,-0.4976438485,0.7922687663,-0.9784422164,7.744222435,2.228822595,-2.264037339,-3.553380618,1.215278822,-0.406072899,-0.6533844902,-0.711222163,0.6728998533,3828.04,0,-1
1264,-11.14070636,-9.612726202,-12.38954523,6.013346294,-32.092129,21.39306876,34.30317686,-7.520784272,-1.925731551,-2.636622067,3.702176629,-1.843056318,2.427123344,-1.652835656,3.635041517,4.087801791,-1.654892005,-0.8884064608,0.7522763731,-11.74868903,-4.709977251,1.366109969,-2.925887542,0.8435508043,0.746267438,0.8013869186,3.852045639,4.157933573,7712.43,0,-1
1698,-5.849225644,-11.75497464,-3.333303453,3.673246166,-4.459582588,0.6590977199,4.527224205,-0.9855119151,0.2377935522,-1.854229702,-0.6446090578,0.1235299868,0.01215957178,0.853693619,0.9606891957,0.6150108007,-0.05633409975,0.5155163163,-1.212438825,7.314347129,2.160870314,-1.992178971,-3.240350643,0.6096186743,-0.9855475826,0.08969309899,-0.7133547156,0.6530604939,3669,0,-1
8544,-6.571336058,-11.94389198,-4.246321808,6.825816412,-2.896623559,2.706660846,5.373923228,-0.8721868358,-0.6262033312,-0.9553558351,0.9515962848,-2.136055166,2.352624967,2.669868058,-1.412916828,1.233989841,0.0388832223,0.9151512812,-2.34841367,7.922140914,2.220492527,-2.395097516,-3.731390694,-1.015761395,-0.7408239185,-0.2978834529,-0.7937104169,0.680622305,4002.88,0,-1
10538,-6.487285909,-13.63044942,-3.19073526,2.890878735,-5.115534624,2.393872881,3.759790621,-0.5873871592,0.8168904658,-1.739398774,2.196026772,-2.191296869,1.383986434,1.852729482,-1.012009359,0.8827730545,1.905040006,-0.7541524846,-0.9904362317,8.012574429,2.364465164,-1.835567327,-3.435921372,-0.1256208248,-1.311011415,-0.6635255078,-0.702355887,0.6940996914,3995.92,0,-1
27147,-6.443737632,-13.79219687,-2.972726942,3.132178723,-5.983777701,1.276737773,4.029743013,-0.8795091988,0.2357191687,-1.658227873,-1.191427702,0.5624577854,0.2613544111,-0.1221292065,-1.27101702,-1.724516043,1.130284792,1.173577887,-1.272816252,7.576537418,1.729125508,-3.183477964,-3.334090444,0.9661153251,-1.40866072,0.531729122,-0.7468920943,0.7147631354,4000,0,-1
27283,-10.41026952,-19.9171648,-6.833828809,4.398751371,-6.914945268,0.9530821416,7.946897518,-1.911031171,-1.721496192,-2.135865534,-0.4653494081,-0.08761126546,1.013111805,1.691622207,1.511110461,-0.6361666379,0.2517433854,2.01622376,-2.621228971,11.96356023,3.261072686,-4.055160839,-5.34215697,0.7235896603,-1.94234556,0.3586458344,-1.235022202,1.066446093,6130.21,0,-1
29351,-5.842126261,-11.93660895,-2.890205811,3.110667203,-4.327972815,2.187389932,3.810196725,-0.4127124126,0.5279497165,-1.960802148,1.297681939,1.275244253,-0.0560683176,0.6169384686,-0.03091248812,0.02141304147,0.574110918,-0.2474035502,-1.178493389,7.120811322,2.038080214,-2.003642438,-3.02063625,-0.04800423216,-1.370999976,0.5725993815,-0.6820993319,0.6203984719,3588.64,0,-1
29601,-5.715305644,-0.09470012158,-7.856475026,2.259661459,-23.6118649,16.4932271,21.43751446,-10.62339662,-0.9687640817,-1.999255136,2.308866255,-1.217237673,0.2410337704,-0.4211266503,2.774303175,2.594527287,-0.6406020178,-0.02711549244,1.638085952,-10.63702762,1.78177265,-0.8753502854,-4.113185121,0.531371811,-0.03076045072,0.4294326714,6.211229837,-2.298956724,5239.5,0,-1
30537,-14.19183213,-25.31325215,-7.578780855,7.730843507,-8.285413052,3.994473561,9.656751751,-1.50250922,-0.2311407858,-3.790096562,1.287999878,1.688777375,1.073272155,1.595401351,0.3513939004,0.4876198412,0.5109692998,0.8994787077,-2.979730021,15.81505134,4.696025049,-4.067605353,-6.869451268,0.1075269564,-2.640366088,-1.237598191,-1.387144563,1.389367031,7879.42,0,-1
32351,-13.85615147,-10.54393434,-8.896596858,1.400890992,-20.34726368,10.372415,17.07343938,-1.581710987,1.976301256,-5.034362366,-0.8265771461,0.5777690797,1.279898795,-0.5471907674,0.3236151782,2.467601052,0.3631981921,-0.6081759225,0.2909164784,-6.39899798,-2.787656017,0.3688376745,-0.5233715307,0.9358658436,1.22782304,0.3529178849,6.144005748,-5.659713517,3889,0,-1
32605,-23.38312854,-18.09880395,-20.19536714,4.249104237,-42.14789837,22.52929847,36.67726795,-4.862799959,1.645618514,-7.761890376,-0.05101346713,-0.02381956637,3.027414326,-0.5049893897,2.032531733,6.098529451,-0.2055137591,-1.03132081,0.2207692945,-13.69458409,-5.893229549,-0.1397509721,-6.08617268,1.924972926,0.6696890544,0.4497810752,11.13573984,-9.617915452,7429.15,0,-1
32952,-5.696128476,-12.08286906,-3.207361736,1.68096094,-4.968175313,0.3531127595,4.073796081,-0.9573511566,1.620757826,-2.818265501,-0.4658766011,0.513040974,0.009921205534,0.7198547422,1.859627261,0.08451664743,0.06936626133,1.016147734,-0.472742546,7.217856953,2.29094752,-1.361236266,-3.275394463,0.6266580303,-0.8618909384,-0.2678877991,-0.6402880448,0.6497951312,3610,0,-1
32987,-3.763073637,1.529282445,-6.783445544,1.912788433,-25.77280025,15.49696229,21.91452924,-2.819641629,-1.041016468,-3.890006549,-0.1443603266,-1.320099169,0.08422310817,-0.3706402974,1.169586301,1.921907472,0.3225424134,-0.5483909888,0.5347885501,-5.779146651,-2.296438371,0.4075385773,-1.387403522,0.9496532221,0.1627029586,-0.07046218442,3.413508526,-2.532207483,4907.01,0,-1
33304,-7.223173884,-14.04246824,-2.941294338,6.387263676,-5.329066711,2.971902864,4.392531926,-0.5555836641,0.8613916054,-1.736704278,-2.518553985,-0.1513434453,-0.2018251951,-0.1574316376,-1.191303517,0.9709275841,-0.03264781217,1.194883782,-1.599709005,8.559745828,2.60748525,-1.846558076,-4.004741347,-0.2060981057,-1.033767961,-0.1536291929,-0.7277727164,0.7794445867,4313.82,0,-1
33309,-26.8905678,-38.69433762,-4.854558251,13.1436681,4.698404553,-4.554249761,0.5920776494,1.358372674,0.1379956528,-2.73448322,-2.903099862,0.3575311933,1.283663357,1.137135039,0.4759398533,0.7264942213,0.8475023387,3.157376466,0.1611037229,17.2818589,4.961944851,-2.163281931,9.506372984,-0.6840665082,1.803470289,0.1988902876,-0.731962284,-3.707709162,4313.82,0,-1
33687,-2.551570799,0.07880268697,-4.895308441,3.099786185,-18.65430188,13.37379759,18.94823585,-4.383090347,-2.160340072,-1.397665358,2.255281798,-1.742629191,-0.4840346585,-0.2437876483,2.057714945,1.588940616,-0.5089268726,-0.2236059541,0.2446808533,-4.426825121,-0.8971818372,0.7514040745,-1.142057263,0.1603352439,-0.2715668126,0.4826161113,3.180612924,-1.863713849,4103.75,0,-1
34063,-1.864080697,-0.5291948206,-4.001002872,1.086002341,-20.83999608,13.43587405,19.05817384,-3.780156793,-1.03035415,-2.244489186,-0.1290775813,-0.4969237135,1.900264449,-2.375391532,-0.8483985704,-1.091988679,0.2963187584,0.1700156386,-0.1170955231,-4.418735658,-2.265531072,0.04749276789,-0.7951115175,0.8441729179,-0.4442235335,-0.2846786702,3.031675985,-1.812033304,4140.2,0,-1
35578,-6.057218002,-8.415897982,-3.919369055,4.902677332,-9.068828966,5.570960636,12.905031,-1.142050624,-3.375424355,-2.173830932,0.752440405,-1.015981733,0.2776215536,1.160098467,0.4851023324,0.6338821454,-0.495727507,1.93946414,0.4347252425,7.857714702,2.229967533,0.1239665862,8.09713902,-0.4222415678,1.188900048,0.1194114174,-1.100895626,0.4002890211,3526.23,0,-1
36658,-6.243815902,-13.15841868,-4.371601035,2.711924878,-4.834189769,0.3051957608,4.94302374,-1.283688936,-1.107998509,-1.243738304,-0.5656833755,-0.7371388775,-0.06234822334,0.8530138909,0.3511450054,1.083173847,0.7845229002,-0.756795111,-0.4487501061,8.078898779,2.546765366,-1.667197137,-3.653763319,0.6198325001,-0.6952271921,-0.4856965145,-0.7642792188,0.6933410889,3980,0,-1
37373,-7.504323159,-15.63377153,-4.215051387,1.507090275,-5.412604392,3.243204993,4.422388433,-0.4235817889,0.3920311226,-2.580709136,1.773406575,1.689907855,0.3752098659,0.8269507121,1.14557794,-2.84256035,1.66925614,0.5449960926,-2.309910974,8.442464443,2.323590146,-2.5391729,-3.736851711,-0.7922705528,-1.694790494,-0.463947299,-0.7031802689,0.7809313952,4476.72,0,-1
38721,-6.842106762,-14.85354524,-4.745695338,2.004678849,-5.576959143,0.9154231904,4.771364643,-1.191349332,-2.516164697,-0.3449410855,0.7817034699,-0.7931612137,0.008289818728,1.170613212,0.5014576108,0.4039447126,0.3739674603,1.589723322,-1.202834278,8.419309568,2.488246627,-2.352638732,-3.883745349,0.1969265738,-1.094189032,-0.569862941,-0.8095243619,0.7526839384,4338.25,0,-1
38763,-14.71182457,-23.25084371,-7.631399563,5.975826056,-15.61530187,8.060515523,21.24617325,-1.896156508,-1.450057345,-6.284888112,-1.359854821,-1.44796573,0.6083178651,0.2348513926,-0.4948900392,1.236133516,-0.8831520984,2.745105432,-2.251865147,16.17853495,4.413072579,-0.4916198308,17.29784508,-0.5034953099,1.939395555,-1.049141252,-2.457911965,0.6233199907,6950.51,0,-1
39080,-6.578770537,-13.47411133,-3.171638559,2.738267411,-5.53888836,1.2767666,4.280659931,-0.724425275,1.874443395,-2.936549026,0.8038942456,1.373474306,-0.720910713,0.643535162,-0.2904184541,-0.303037516,0.3569861136,1.329878202,-0.08307572608,7.925420373,2.396058086,-1.789459103,-3.585606879,0.7643072565,-0.9507627973,-1.056396716,-0.6475254724,0.7203550801,4000,0,-1
39739,-6.673801132,-10.431475,-3.38650197,1.536222439,-11.09235453,5.809433628,13.32820785,-1.359274617,-2.834215329,-2.861759114,0.940469201,-1.581665303,-0.2665038097,0.07696577552,-0.6580448193,1.04099755,0.416186481,0.6007290118,1.187749795,8.637923254,2.357256133,0.197874448,8.57819943,-0.1040230031,2.00447193,-0.1763393127,-1.441755218,0.1073633361,3821.79,0,-1
40358,-7.492247718,-14.6338692,-4.284482449,3.823000669,-4.927815281,2.310595586,5.228508263,-0.751967354,0.2374908921,-2.318348691,1.264082111,1.234400347,0.01992419218,0.9604012251,-0.1276143379,-0.1445469569,0.7037338825,-0.03091917036,-1.462791241,8.880274075,2.758539427,-1.859916407,-3.97277967,0.03988488809,-1.349584638,0.738620549,-0.8670486097,0.7591443778,4457.43,0,-1
41663,-6.03546794,-12.78254432,-4.126464988,2.469249356,-4.581134786,0.9131606458,4.515650502,-0.9370845871,-1.280300899,-1.02806266,1.436211129,-0.2055913611,-0.799837343,1.167108968,-0.06990836368,0.9336047698,0.9136126513,-0.7394608402,-0.5390691815,7.689365717,2.535929491,-1.365152626,-3.46377276,0.4346600354,-0.7857252516,-0.4670612506,-0.7248363649,0.6527271568,3820,0,-1
41978,-11.83974297,-17.71166066,-6.893572206,4.385610115,-18.88316416,10.85724838,23.05916641,-1.770547913,-2.30194482,-6.77996433,-1.015949583,-2.319309092,-0.2274530976,0.5658998622,0.7296545648,1.659593096,-0.8825065901,2.663065569,-3.131976768,14.34743822,4.149626198,0.1888877771,15.42635142,-0.7567610365,2.859715611,-0.5788252416,-2.198921703,0.5921627665,6669,0,-1
41993,-5.541671982,-12.26685922,-3.180179212,2.375138441,-4.709987973,1.442357076,3.664909648,-0.8547014221,-0.2991763416,-1.303948491,-1.42877217,-0.1268894065,1.285278752,-0.2413366961,-0.2163879664,1.435700841,0.4681163046,-0.58890984,0.07939491982,7.421650332,2.129645354,-1.829808551,-3.269840517,-0.229392085,-0.8092243344,-0.5767643576,-0.623049992,0.6433555459,3603.26,0,-1
42146,-3.616044852,-1.062442885,-4.024251481,1.836182415,-15.02357504,9.173485868,7.90827148,-10.06942708,-0.3889545451,-1.038214417,-0.07345245704,0.4349947312,0.441170883,-0.2335010287,0.7240638119,0.04389614329,0.6489078016,0.1880536322,-0.870885837,-5.937644102,0.02251988831,-3.407592069,-14.5362237,1.810990539,-2.150338785,-0.3230574744,4.7539298,-1.232067704,4276.82,0,-1
42721,-5.858241503,-11.69552446,-3.284817972,4.024911496,-4.042982635,1.605194067,4.345207138,-0.8730466153,0.2981563552,-1.868171922,-1.382458298,0.5928050611,1.682251692,0.3630854074,1.070470629,0.9733295021,-0.6937174195,1.184276713,-1.244513454,7.429975023,2.295778937,-1.514972889,-3.45806164,-0.3463033197,-0.6809495995,-0.5928824634,-0.6212030118,0.6674093234,3679.64,0,-1
42951,-23.71283941,-42.17268752,-13.32082468,9.925019365,-13.94553764,5.564891316,15.71064398,-2.844252617,-1.580725008,-5.533255907,1.446694826,0.9026750542,1.746979264,2.354130992,0.8015981684,2.068474904,1.413407352,0.748319706,-3.637371131,26.23739079,7.921599879,-6.320709562,-11.31033761,0.4041753276,-4.547278074,-1.577118176,-2.357384721,2.253662099,12910.93,0,-1
43081,-7.681475443,-15.0768469,-4.08202362,3.089948096,-5.7579087,1.222309228,5.430028784,-1.067850578,1.218504526,-3.173288952,1.28765794,2.083332958,0.8630894323,0.789196817,0.06393201503,-0.1803436727,0.1634024867,1.156246941,-0.3275535002,9.213854453,2.678537723,-2.343434261,-4.053852188,0.7954696296,-1.176799681,-1.248732574,-0.7681689121,0.8233244446,4584.88,0,-1
43164,-12.00834684,-17.86011195,-4.743411144,0.8105737651,-10.72642381,5.766248709,15.40621829,-1.111401163,-0.7042433272,-6.058623319,1.647429759,-0.2401926061,0.1781003845,0.704301403,1.300583034,0.9546970018,-1.007130661,1.93109898,-2.611602635,11.99334996,3.429842239,-0.1546655112,12.45183924,-0.9097065392,2.497907319,-0.4836021469,-2.037786485,0.2665409158,5114.1,0,-1
43458,-3.865853141,-5.049953759,-2.760248248,-0.1944190562,-11.1231456,5.164402475,5.667289302,-5.209535577,-0.9017185793,-0.1373453984,-0.1579749009,-0.330350441,0.7095803385,-0.8848222421,-0.3182410748,0.8737931253,0.8305899132,-1.044670553,-1.314467808,-3.383737569,0.9133084521,-3.374749809,-14.76707888,1.763374857,-2.135794031,-0.4364433307,3.534541066,-0.7138494828,4008.36,0,-1
43684,-12.61840603,-16.55024758,-7.77953052,2.245843696,-7.609464593,3.51439536,8.250578104,-6.641131689,1.461341741,-3.075528969,1.787452141,1.39559194,0.03481105907,1.150723374,1.203438208,1.507356796,-0.4731931764,-0.6702028511,-0.9263358735,-0.2266130676,-1.741922945,-2.24023305,-17.53068189,1.204896281,-4.541818952,-0.5498507119,4.514515557,-1.273169339,6511,0,-1
43763,-3.696117392,-4.500012685,-3.14421146,-0.5877980554,-13.80553414,7.533415252,14.82692592,-2.838973059,0.6914803569,-3.779013482,-0.09034812214,-0.5972735057,0.8435924398,-1.083371253,1.203656822,0.8868892069,-1.187100072,0.8215924266,-0.3919414117,0.6280416408,-0.0523286659,1.074359666,2.21163819,0.5305389268,0.4183381519,-0.738196517,1.23124453,-1.16540117,3500,0,-1
43851,-12.66506246,-8.632803664,-8.31879095,1.875693877,-22.0645193,14.67236049,23.86305185,-6.156826383,2.520556225,-0.2877918329,3.142874715,-1.05883992,0.9407571999,-3.465002988,1.548750542,3.16348804,-1.812173714,-1.989246528,0.6273834197,-13.68421033,-5.733766215,1.051820064,-1.292170151,0.7510134274,0.7591481514,1.070889332,2.412801593,-0.8536207554,4627.1,0,-1
44045,-9.471685741,-18.79332918,-7.859679909,2.904124318,-3.906568586,5.203611982,6.672269793,-0.7700314238,-1.563442527,-1.999149325,-0.177838508,-0.409787532,1.007723462,1.216871807,0.6643380923,1.596521489,0.2877395451,-0.06211455658,-0.6239894643,11.71743145,3.532745207,-2.803879808,-5.19730967,1.347380874,-1.132030716,-0.6546165908,-1.07789812,0.9843474426,5680,0,-1
44547,-6.273188682,-13.30752318,-5.013654266,2.358572595,-3.91203274,1.61869667,4.967412844,-1.128223636,-1.184503321,-1.338182433,-1.412262707,-0.5378804082,1.251175293,0.5924097699,0.5925507596,1.154347441,0.4933387485,-0.8722229468,-0.3007202924,8.252007438,2.521587652,-1.745659834,-3.849409424,-1.062146855,-0.5608755231,-0.3774961762,-0.750946452,0.6857651275,4024.33,0,-1
44706,-7.286679937,-10.89871873,-3.437418743,3.175337126,-12.0120958,7.290831864,14.11420419,-0.8396556308,-0.3839595088,-4.690318937,-1.687318656,-1.070637603,-0.9583862762,-0.3169193288,-1.796745165,0.01334242188,0.1936852769,0.8471738074,-1.455688183,8.646439426,2.275749127,-0.2937743159,9.637186981,-0.4472255949,1.190230497,-0.76001566,-1.192298616,0.4736374249,4112.89,0,-1
46253,-21.78066537,-38.30531018,-12.12246907,9.752790921,-12.88079378,4.256017094,14.78505104,-2.818252713,-0.6673380872,-5.545589674,1.067549454,0.8327255969,1.592165592,2.788521119,2.569519689,2.721505249,-0.6138747865,3.490798437,-3.838863333,24.13389419,7.437477869,-5.61943901,-10.54703842,0.6532490605,-4.232409195,-0.4804591292,-2.25791314,2.082487979,11898.09,0,-1
46570,-8.602958372,-16.26275692,-7.045121847,4.103953835,-2.797812587,5.136031,6.441565072,-0.5660994239,-0.757096995,-2.312833166,-0.08857629305,0.2398019522,0.8908586586,1.685638853,1.749126704,1.049902426,-0.775153967,1.340030606,-1.635769341,10.42030877,3.080529332,-2.881199181,-4.653135854,1.267035074,-1.034301998,-0.8595406313,-0.9522470273,0.9060840946,5130.3,0,-1
47146,-6.420068133,-9.956371719,-5.373190934,-0.4964774964,-8.077978779,9.146400764,12.69909492,-0.4038098268,-2.967029654,-3.359180651,-0.5132058213,-1.896453213,0.5397368225,0.1606071367,-0.4204075308,1.763997315,-0.4032409937,0.3396716161,-0.2179218308,8.20832392,2.33907346,0.07531750001,8.225554701,0.6020807181,2.169186403,-0.3005745659,-1.229916058,0.3399930638,3684.62,0,-1
47305,-6.750535147,-13.32026021,-3.863806319,3.343288849,-4.523682868,1.965882263,4.775344821,-0.6959907213,-0.02506472755,-2.041852143,1.599004936,1.077515464,0.1250483972,1.136758645,0.8454546106,0.2975610707,0.3284334574,0.04218960544,-1.612156586,8.13540443,2.498959738,-1.917072133,-3.532085605,-0.0147575674,-1.426262001,0.6232307505,-0.8014757724,0.69963659,4080.3,0,-1
47379,-17.20334221,-25.22368264,-7.441166248,6.456502846,-10.93067146,4.113377603,15.72265412,-0.7873770742,-1.747754234,-5.742493171,-1.196359564,-1.357997757,0.3063073773,1.646377232,1.524226967,2.185379074,-1.008024827,3.13149184,-2.790223601,15.36259431,4.548222539,-0.9120676547,13.94456738,-0.30547962,1.545933771,-1.004140904,-1.807609488,-0.9045550871,5934.9,0,-1
47807,-13.53746078,-24.42686372,-7.355943406,6.896485661,-8.515927535,2.354757691,9.568710894,-2.006504085,-0.2362470368,-3.776051063,-0.3295888882,1.230820093,2.606171261,1.188532337,1.486199399,1.286895701,-0.1595657024,1.435430478,-2.67054,15.51952702,4.727851814,-3.504033167,-6.79096089,0.8642011943,-2.433816007,-0.2440813694,-1.428731064,1.354227881,7636.3,0,-1
48401,-36.80231991,-63.34469832,-20.6457939,16.71553737,-20.67206388,7.694002335,24.95658734,-4.730110698,-2.687311754,-8.423403792,1.18635975,1.879982056,3.496722673,4.082503452,1.406178068,0.7731329209,0.902963575,5.041069185,-7.21352743,39.42090425,11.45531334,-10.9331437,-17.17366494,1.180700133,-7.025783182,-2.534329721,-3.602479476,3.450224481,19656.53,0,-1
50160,-7.69440292,-4.202363981,-9.989221401,0.5562412234,-25.0258199,14.57065447,23.19097147,-2.818526072,-1.680343767,-4.750007441,1.917169052,-0.8576631923,-0.05259068605,1.020779671,1.479354109,3.502923801,-0.5956215721,-0.7301964702,-1.277352829,-4.919800228,-2.07906772,-0.374903648,-1.839932827,0.4035256727,-0.6323100754,0.8562422652,4.347262483,-3.105055565,5446.07,0,-1
50257,-8.874580254,-15.07346809,-5.623828003,4.166317124,-15.74120749,9.875127315,17.39813202,-1.097677186,-2.204687428,-4.205219966,-0.3587671364,-0.9742947252,-0.05969280582,-0.08729999104,-1.717214341,-1.572277691,0.5300774246,3.458054544,-0.5556939376,11.19068213,2.752523344,-0.5936259076,12.79915598,-0.9965967119,0.8075723429,-0.648215073,-1.47709992,0.6435338527,5341.41,0,-1
50461,-7.12693079,-13.45218659,-3.142379173,6.007060743,-5.255073283,1.538065713,4.869148227,-0.8823989824,-0.413310415,-1.325215921,-0.7688987967,-0.5312655298,-0.08888440482,0.9651403488,1.755299877,1.919772964,-0.7442689009,1.471879823,-2.779355167,8.504051628,2.807709811,-1.671435778,-3.776550153,0.5745556499,-1.355403072,-0.3410747634,-0.7678244053,0.783271053,4275.58,0,-1
50486,-7.12693079,-13.45218659,-3.142379173,6.007060743,-5.255073283,1.538065713,4.869148227,-0.8823989824,-0.413310415,-1.325215921,-0.7688987967,-0.5312655298,-0.08888440482,0.9651403488,1.755299877,1.919772964,-0.7442689009,1.471879823,-2.779355167,8.504051628,2.807709811,-1.671435778,-3.776550153,0.5745556499,-1.355403072,-0.3410747634,-0.7678244053,0.783271053,4275.58,0,-1
50716,-5.902612373,-11.86540988,-2.918783428,3.402322828,-4.265204661,2.136966926,3.864741085,-0.4478201726,0.2123652306,-1.7824107,1.501539519,1.090020355,0.1891808319,0.8438873283,0.9628138885,0.4377269033,0.1287117697,0.3859996517,-1.8011731,7.182584819,2.380914512,-1.172200982,-3.178827033,-0.03745012715,-1.196582472,0.2649986138,-0.6529226099,0.6336859876,3617,0,-1
50811,-3.197024817,-3.939036071,-4.236632642,-0.7357479098,-14.16315947,8.529013014,15.46958304,-2.636062796,-2.384719591,-2.351770021,1.673612481,-1.105652354,0.5640635762,-0.6455729789,-0.8591779527,1.898862451,-0.3097895088,-1.080844435,-0.2308400623,0.7904102221,0.1267864328,1.129908988,2.410291999,0.136046663,0.4829386284,-0.2572460928,1.216054437,-0.9417780684,3546,0,-1
52531,-8.191543291,-15.9028511,-5.110695486,4.755217377,-5.688554666,1.083945064,6.235539778,-1.335684259,-1.397116585,-1.4790945,-0.3494613701,-0.2896229612,-0.5198229051,1.552391943,0.8248228079,-1.614907647,0.8431182164,1.463117919,-3.003787988,9.258633415,2.616153288,-3.003722218,-4.268487248,0.8034195514,-1.261686837,-0.7802838397,-0.8824116225,0.8702129875,4901,0,-1
52672,-3.473410217,-3.340089962,-6.66807711,0.7571372971,-25.79113233,16.24619692,25.23519499,-4.371569182,-0.7725522275,-4.395663999,1.922069704,-1.473732924,-0.2911597023,-1.252214504,0.1182504974,2.241491459,-0.8613574013,-0.09901285344,0.02238026007,-2.637512471,-1.619267728,0.2847918375,1.345479701,0.6535362475,-0.02411880217,1.009787724,3.198900012,-2.156408256,5657.54,0,-1
52840,-2.968577614,0.3785114759,-6.24342563,1.722913614,-20.04218121,13.02674673,19.22443462,-4.637384165,-1.10551464,-2.913098475,-0.4590432112,-1.459433426,0.09822666251,-0.2726009981,1.032649277,1.125431028,-0.01676967438,-0.3963495148,0.5931776486,-3.503452345,-0.1162841322,-0.08776449903,-0.04948963693,0.07746876793,0.2268272103,-0.005132238204,3.721437018,-1.463507875,4249.73,0,-1
53296,-4.958940433,-5.579717274,-5.636248881,-0.5019249277,-13.55716482,8.810304437,14.67657024,-1.975939251,-2.50179015,-2.854031326,0.3207155947,-1.217769367,0.9725329153,-0.1829471475,-0.6712215026,2.710976673,-0.5513584324,-0.6229127433,0.1356030995,0.6046889772,0.03021970838,0.4709063896,1.738502315,-1.115222802,1.115711149,-0.08609539408,1.510791325,-1.465146176,3693,0,-1
53394,-13.28055028,-15.8398884,-7.27171226,2.913091169,-13.19896867,6.411594265,13.57097996,-2.05180191,-1.495154978,-3.204797047,0.3402589138,-0.6865891535,1.553249097,0.07492796914,1.304183821,2.951047104,0.5424270353,-1.732160372,-1.19776005,0.4024382214,-0.03605316685,0.1153909335,-0.2190279554,0.6691196431,-0.450425904,-0.2805087689,3.862610833,-3.986501757,4652.24,0,-1
53607,-6.304058954,-12.47783426,-4.468255089,2.964086243,-4.232414906,0.1524914378,5.529656154,-1.362750514,0.3694489046,-2.592177164,-0.3226112688,1.01451262,0.9740824617,1.101705496,0.9542716847,-0.4300429529,0.1801351212,0.4107693404,-0.6685968953,7.890470787,2.364531308,-1.875099842,-3.653543742,0.634388687,-0.5099613678,-0.8597602187,-0.7141340246,0.6974397613,3937.13,0,-1
54696,-7.470675376,-10.77597567,-5.053323932,0.8067516621,-10.72916172,5.982333281,12.96552119,-0.5339219589,-2.91040885,-3.353122671,1.115599645,-0.8996790708,0.08253204668,0.7280490876,-0.8949955943,1.245248661,0.5209429703,-0.3265750322,-1.240464579,8.569559709,2.729406969,0.8340797242,9.054000249,-0.7148622289,1.176039664,-0.415249049,-1.04004327,0.3414467918,3882.66,0,-1
54994,-5.92533496,-12.3152626,-3.145809049,3.977938222,-5.006818492,0.9081739915,4.27220759,-1.005816973,-0.7511024487,-1.08380249,-0.8902605575,0.4377406147,0.7056171327,0.3967935323,-0.3689133745,-1.550143812,0.5491167304,1.724068621,-2.110834945,6.993759253,1.927298337,-2.124806557,-3.323475511,0.8954329112,-0.748922349,-0.5968904886,-0.6259238975,0.6792685672,3728.45,0,-1
55484,-8.646082965,-17.79703438,-5.814281331,3.022519489,-6.411959306,1.287999058,6.13360976,-1.479180592,-2.284830816,-1.068870661,-0.5908392657,-1.002765785,0.2400087541,1.056961929,0.6343497706,-0.5350584233,1.367361485,0.4253678631,-1.974629922,10.23315086,2.984641869,-2.819119315,-4.666308013,0.3378116051,-1.354179942,-0.5906038869,-0.9648038896,0.9170325422,5259,0,-1
55709,-16.95006366,-16.41739457,-12.52338074,6.555637941,-27.75296366,18.07203126,28.50406537,-10.15221973,2.124673493,-2.856013661,0.1218042706,-1.619834432,2.231107148,-3.041540077,2.630400929,5.000095887,-1.745472368,-1.129166884,2.639623598,-19.90261079,-5.932594005,0.05009725028,-10.85594872,1.55040741,-0.502172254,0.8217139801,12.15240111,-4.009838804,8790.26,0,-1
57030,-6.693139314,-10.76603469,-2.987499801,0.1943942696,-10.27155931,7.105632001,12.25681049,-0.696877191,-1.456405264,-3.717514637,0.05619044573,-1.117963482,0.08276605792,-0.7389234776,-0.6625389266,0.6259411384,0.950784544,-2.133217862,-3.291735082,7.878898245,2.421660584,0.7978369241,8.822818455,-1.085853021,0.5542011976,-0.7228215041,-1.198825154,0.221137109,3692.76,0,-1
58342,-5.143559866,-2.771759267,-5.682932149,2.981849702,-7.459633218,4.937309873,3.528576651,-7.91462872,-0.7853179338,-1.082875535,1.443158678,1.208241733,-0.5494100699,2.168970219,1.443284725,1.403375721,0.2307700844,-0.8665074978,-0.184667006,-3.211295904,-3.675875023,-1.023120409,-19.93502514,1.120075156,-5.7852551,-0.6764326097,4.139387188,-0.7983261277,4111,0,-1
58797,-2.807622983,-0.8457745274,-3.27214111,0.6858435997,-17.58543214,11.5083555,17.5600704,-3.14027652,-0.753438162,-2.859553698,1.866188847,-0.8066510137,0.03165473115,-1.014471663,0.3790907676,2.049216871,-1.373446662,0.3239917023,-1.228386609,-3.169864219,-1.18630396,1.121208421,-0.3293075135,0.5609248851,0.5137223554,-0.2232738848,2.417507779,-1.596159395,3769.6,0,-1
59360,-4.749156706,-5.272230377,-7.089009493,4.339995327,-20.37907872,13.05557952,23.2230272,-3.875663147,-3.291212229,-2.799675738,1.419542649,-2.033941459,0.2906341488,0.2280851269,1.11434503,1.944667335,-1.151544428,1.286676442,0.7223639224,1.309046363,-0.1718804888,0.5041824691,3.954781745,0.1033797723,0.6062746923,0.2847510079,1.897340391,-1.281238468,5317.28,0,-1
59737,-5.814436097,-12.51778955,-2.838942354,2.440749791,-4.546808007,2.798912524,3.292153502,-0.2757757423,-0.2566722264,-1.470726795,0.4124546175,0.1375399406,0.08012528038,0.1336084336,0.8907092429,-0.1256724112,2.147862415,-2.798133136,-1.904433402,7.192139567,2.316174272,-1.19754794,-2.988269808,-0.4226631856,-1.311029262,-0.5180926626,-0.5566085677,0.6388693141,3605.12,0,-1
60267,-5.28549929,-12.6398168,-3.445232412,1.256403388,-4.480663612,2.751817185,2.901893091,-0.476742632,-1.469298763,-0.3138720687,-0.6186381985,-0.2083180701,1.12129485,-0.1447196482,-0.7092261796,0.105883859,0.4541339746,1.133706067,-0.3842322156,6.814308787,1.729795764,-2.334698198,-3.197615618,-1.545881393,-0.8884512065,-0.4967540683,-0.5722529348,0.6092353342,3516.12,0,-1
62303,-4.636744667,0.4265645616,-7.090944019,0.6164411092,-22.32581619,14.02204808,16.97060322,-7.911579901,-0.7845972313,-4.988536595,-0.8073575332,-0.7779621064,-0.7295793237,0.2917314556,-0.04017170222,2.735567023,-0.1373793961,-0.7276250816,-1.167264304,-4.116207457,-4.529541643,1.080912471,-1.279766605,0.5947464426,-1.232526188,0.2192056096,3.095678212,-2.305532994,4281.72,0,-1
62617,-6.272780049,-11.91292056,-3.137417358,5.651802535,-4.431415819,1.153218437,4.728984255,-0.9400998957,-0.7309722852,-1.113581451,-0.6679040557,-0.2369914788,0.3378240878,0.9582718067,1.319321248,1.507891952,-0.6365613989,1.056322639,-2.493959003,7.662782753,2.525210674,-1.480886566,-3.465639462,0.5904289244,-0.984249998,-0.2587973419,-0.7096790574,0.6997677287,3849.85,0,-1
62965,-7.300511522,-14.19865305,-3.732936429,4.113755825,-5.030659341,2.400962967,4.772311204,-0.5789115533,0.2433948072,-2.072685027,1.344450972,0.6450857018,-0.583184702,1.194383976,1.140053745,0.5663895233,0.1839821184,0.6763686197,-2.069388695,8.58417988,2.812401206,-1.608295428,-3.809097551,-0.0328894815,-1.46101817,0.05135440236,-0.7841602973,0.7592987086,4337,0,-1
63076,-7.30924644,-14.19803371,-3.588575379,4.27766664,-5.266730304,1.974958886,4.957172006,-0.7470526251,0.3465062574,-2.200836873,1.210495962,1.313522123,0.08719195203,0.7998679448,-0.2533529011,0.3272347294,0.3175572583,0.4207670537,-1.302919679,8.674112574,2.50657362,-2.416338935,-3.723423123,0.4732100596,-1.486114981,-0.08686593384,-0.8014928247,0.7670028369,4351.1,0,-1
63082,-3.184090971,-2.454724742,-4.277236731,1.311550965,-19.10329829,11.80368367,16.97025186,-4.553399619,-1.806083575,-2.314308524,1.125379554,-0.7307110057,0.3705534825,-0.8483487176,-0.422130334,0.0008904704407,-0.304447944,2.000717477,0.001992911568,-2.785667122,0.01182079777,-0.6523262617,1.042901035,0.7537277417,-0.2505407023,-0.3183789872,3.051643649,-1.266893871,4099.3,0,-1
63675,-11.98774976,-15.66745414,-2.708455889,3.414537294,4.700217338,-5.745405495,-9.455360325,-5.717320279,4.114789914,0.0669662174,-0.07092311329,2.18107927,-1.455875632,1.793548308,2.806323135,1.128762229,0.498369349,-1.420568842,-1.852324678,-0.9360710933,-1.331899827,-5.939371558,-44.8077352,3.124266851,-10.29539707,-1.653193178,5.002870908,-0.1488919137,6000,0,-1
64594,-9.50905034,-12.47808898,-3.57624224,3.050834807,-10.10341758,6.262654864,12.16340226,-0.1250120416,-1.762800094,-4.180571501,1.258883182,0.3155168648,1.147197106,0.6033250416,0.605490025,0.7414923158,-0.08149172102,1.453742587,-1.503492607,9.447573356,2.821307344,0.3777079855,9.129593618,-0.673849065,1.79957246,0.4084447524,-1.14593901,-0.0250453494,4002,0,-1
64767,-6.272390907,-11.74262921,-3.909495571,5.502547315,-3.403284978,2.079165062,5.050540233,-0.6806791913,-1.246161168,-1.033430058,1.262833643,0.5696986087,-0.4552273019,1.490180889,-0.07052321831,0.2740532294,0.2108727656,-0.09025911614,-2.351172992,7.452134022,2.347327751,-1.790847424,-3.398142309,-0.0946104474,-0.8771463351,-0.2728475251,-0.7150336728,0.6555209018,3803.29,0,-1
66618,-6.21531614,-12.53668225,-4.74768977,3.194961622,-3.865717277,0.8391708619,5.331017957,-1.19980208,-0.04411051384,-1.992056624,-1.430746309,-0.2386658422,0.08350378562,1.131086183,0.7439931037,0.5376377565,-0.1413694793,0.4502617333,-0.5850288565,7.88363889,2.218324942,-2.414344521,-3.656143217,-0.299253164,-0.7884822538,0.7338121602,-0.8414241863,0.6650494443,3929.03,0,-1
66674,-23.92615348,-34.57506368,-6.778736261,7.964326327,6.087932153,-6.789824196,1.520815577,0.6063509605,-0.1884890413,-3.189915955,-2.121897153,0.4258250723,1.200681278,2.198427919,0.7962682175,1.108342153,-0.1980091716,1.937757713,-1.183778701,15.08213486,4.346762114,-2.486313402,8.447277936,-0.743704383,0.8965457892,0.529614588,-0.6857860543,-3.323973551,3745.52,0,-1
67676,-7.103081622,-1.706829709,-9.726332207,1.657589872,-31.3567501,20.37952437,29.20586818,-5.498666962,-1.369679967,-3.713841439,2.212401287,-1.53450977,0.8164520733,-1.187157407,0.9494737082,4.594817364,-1.560379025,-0.7394437856,-2.004657725,-8.817440629,-2.7194984,0.8763824977,-2.041864874,0.6036703015,0.3219875053,1.268208097,5.868241663,-4.071666475,6239.54,0,-1
67770,-6.510540602,-13.1420575,-4.229582769,3.947973817,-4.88299439,0.4213548658,5.257117364,-1.301937622,-1.356177596,-1.127631557,-0.5956569616,0.0359641683,0.3048739002,1.142593278,0.4207076162,-1.458209461,0.4274368127,1.702473681,-2.252479188,7.651204666,2.078851571,-2.630234848,-3.598700556,0.892177677,-0.8160010254,-0.7267917855,-0.7333715694,0.7275065719,4063.17,0,-1
69311,-19.00484246,-21.25517998,-9.294844578,6.757810267,-14.5447087,9.737873871,21.91511557,-5.12077401,-0.1296466223,-2.098869114,3.163651977,-0.3636174201,2.612123953,-1.585308696,2.630313441,2.421586492,-1.33119426,-0.5952563395,1.618535589,-8.742809486,-3.976238143,1.891654169,8.671114964,0.2863745277,3.46790715,0.4650635092,3.937467328,-0.1415332253,5303.69,0,-1
71861,-5.397276315,-3.869014568,-5.555716794,1.738352203,-19.83279078,14.99621238,19.75395017,-2.395134173,-1.452322582,-3.888765125,1.468647913,-1.20462928,-0.7953733326,-0.4711322243,-0.05171406499,2.132198231,-0.1831225445,-1.538704724,-2.493638988,-2.887303762,-1.343165168,0.0526192988,0.223988284,-0.9552931664,0.02360916012,0.9778146719,3.053391417,-2.129780201,4726.3,0,-1
72054,-6.87432141,-14.46557279,-3.710753279,2.851991985,-5.469469921,2.13614846,4.219243781,-0.6745390159,-0.4328590132,-1.425443428,0.6839354399,0.003134187629,-0.3687261901,0.4686641075,-0.4505425793,1.348643997,0.7879035439,-0.3860926843,-0.3693451321,8.559169638,2.603582987,-1.969196775,-3.723387916,-0.09856142976,-1.262767959,-0.6573905166,-0.738331288,0.7405555659,4229.51,0,-1
73778,-6.372565749,-12.07700463,-2.827016522,5.527469703,-3.674528391,3.918405288,3.983705431,-0.01419820209,-0.387887249,-1.322079705,1.485966874,1.124980719,-0.2562186508,0.7891282427,0.03735425625,-0.2016913188,0.9092333328,-1.04063592,-3.065458345,7.306572539,2.238841943,-1.79356242,-3.125119885,-0.8581272767,-1.427501001,-0.3780358336,-0.6039793361,0.6616874797,3759.39,0,-1
73813,-9.019075024,-13.53800294,-3.655252999,-0.09465352771,-7.297329271,2.020766937,10.60607494,-1.082545266,-1.400418879,-4.024016429,-1.027428515,-1.057027284,-0.2354319886,0.6688079834,0.3089812111,-1.608960447,-0.01053035219,2.617410615,-1.383572682,8.21861855,2.049047401,-0.971403793,8.76422783,-0.07747631236,2.368799319,-0.1646406279,-1.369097311,0.3768629598,3605.62,0,-1
74657,-16.7438507,-19.51196836,-7.214609365,8.345570554,-11.32289376,8.606981642,14.11314391,-0.8314238898,-1.492671555,-2.980098691,1.701300836,0.1249528729,1.130887984,0.4530235726,1.758097674,1.306035215,0.905963117,-0.4015169767,-0.04715889177,0.5641937361,-0.4190860354,0.6676069581,9.016941947,-0.8595353446,1.048808326,0.4387969127,4.250371596,-5.954280673,3759.39,0,-1
75050,-3.257144429,-3.750306134,-3.833743836,0.4148779822,-10.70080802,6.339455391,7.644404158,-5.064182121,-0.518560515,-0.8993526575,-0.4063493281,0.0200256552,0.9679819828,-0.2246510909,0.8181487367,0.1283835187,-0.1945205126,0.1327629448,-2.399497221,-3.300707812,0.9582332252,-2.842931365,-11.12977091,0.5921938874,-1.973303672,0.298036547,3.239113752,-0.6788917342,3763.67,0,-1
75180,-7.37495054,-15.64356228,-5.257319895,2.436452689,-5.568796241,0.9220526827,5.523086545,-1.544587062,-2.485910116,-0.797083696,-0.9148444643,-0.1816941879,2.296053562,0.4495460402,0.1144772916,-0.2758196867,0.7724153728,0.6570815471,-1.245662823,9.156332772,2.574317736,-2.529980146,-4.239132129,0.1610569809,-0.9190783268,-0.5298987261,-0.8518424852,0.812289199,4642.2,0,-1
75261,-8.996606984,-10.95019994,-1.546811035,-0.3282072776,0.3801359368,-2.034444006,-1.890544355,-2.477666932,3.290177695,-1.736664469,1.953592357,2.867269827,0.2287247763,0.4324473598,0.8347851513,0.3860567383,-0.08505379403,-0.7886466622,-1.25784595,-1.120314003,0.549284532,-3.116104757,-20.79442223,1.62511826,-4.221212028,-1.411209222,3.525653715,-0.2592375731,3790.39,0,-1
75524,-12.92441354,-15.85690381,-3.586567367,7.515706217,-9.102827513,5.658522139,10.94146095,-1.432439476,-0.5711608791,-1.848348637,0.604384107,-0.2151082881,0.5988754721,-0.6673432745,-0.2046459452,1.460336777,-0.1205366728,1.460745386,1.54541744,1.601239839,-0.09161924276,0.3169853209,6.116419285,0.4500377682,1.601250973,0.4872415591,1.541349459,-1.485710824,3740.25,0,-1
79270,-9.61704069,-18.99836773,-5.187569335,4.344542441,-7.393425392,1.698764233,6.337810356,-1.328462811,-0.334083348,-2.167737409,-1.242169427,-0.3884623504,-0.3748012571,0.9005827429,0.3946791768,-0.7621104535,0.6423431179,2.069413209,-2.161100615,10.93061747,2.814837075,-4.110530641,-4.804627913,0.6700486793,-2.10402677,0.3138361707,-1.085557586,1.001804174,5667.56,0,-1
79797,-6.488840576,-12.67429675,-4.379555473,4.570485214,-2.323229236,5.724584187,3.966477083,0.1310551977,-0.6852243355,-1.158751092,-0.3509755532,-0.1031232211,0.9689192834,0.8074233445,1.778972504,2.153040611,-1.320061397,1.714316964,-2.31782047,8.089698531,2.585182763,-1.723802118,-3.560550921,1.208859417,-1.04583268,-0.2977380016,-0.7011084859,0.7266076573,3974.58,0,-1
80330,-5.664344529,-11.41057096,-2.583382316,4.436365048,-4.598942377,1.379398563,3.848812377,-0.5197083919,0.9302736028,-1.795704261,-0.8688599668,-0.5811312473,-2.325438702,0.927652477,0.5157915218,0.04249350373,0.6172388782,0.1852850623,-1.608242555,6.732335503,1.951419184,-2.14434297,-2.952957001,0.5095398179,-1.059884511,-0.7942569709,-0.5892157934,0.6376837577,3497.7,0,-1
82668,-4.984105207,2.730724825,-7.104205232,-0.5113327227,-20.45491311,11.0386749,17.41677916,-2.940716358,0.1229194615,-1.280625729,0.5289297044,-1.291600146,-0.1929347481,-0.2006913436,2.162751322,2.204379409,-0.2705444649,-1.348149548,-0.02668288452,-7.147560862,-2.45425608,0.01661686365,-1.702775929,0.9657450997,-0.4359132482,0.8654660862,1.13908834,-1.493148301,3690.24,0,-1
84010,-7.028598131,-13.66581999,-3.921644361,4.663141721,-4.641472871,1.97985408,5.156590426,-0.9730126101,0.4898548503,-2.266679362,-1.654783201,0.73553338,1.392861189,0.3380468756,0.1298622216,0.6170016637,-0.284628749,0.8152355336,-0.9789619699,8.607769305,2.349990732,-2.627203939,-3.872036201,-0.3440175207,-0.9807787083,-0.8537315763,-0.7313378227,0.7706514894,4276.82,0,-1
86032,-5.612404752,-12.10097199,-4.092166748,2.308563923,-4.312537683,0.7337094747,4.435088848,-1.036496989,-1.374250356,-0.8772729925,0.6156619005,0.3869675967,0.1912163617,1.132103232,-0.2011272351,-0.9995694325,0.08343662831,2.011184334,-1.201604464,6.860650688,1.768857643,-2.593582222,-3.244671459,0.2146028217,-0.9019750862,0.7109231391,-0.761189485,0.6138561434,3629.22,0,-1
86326,-9.759244749,-12.79338245,-5.470779885,5.187856038,-14.85861941,8.389510836,18.58520807,-1.148948038,-3.693046983,-4.845059042,-0.4020788889,-1.613995732,0.6094690143,1.106973533,0.9315279456,1.427508354,-0.4031771179,1.5151391,-2.540417602,11.31033047,3.18730973,-0.3331738065,12.21443335,-0.2674062413,2.403721945,-0.1770336619,-1.910145182,0.3860382779,5268.04,0,-1
95286,-34.54929609,-60.46461766,-21.34085413,16.87534403,-19.22907534,6.335259461,24.42271565,-4.964566182,0.1889121059,-8.908182149,-0.08351351321,-2.281866064,3.739365881,5.989210332,2.582161785,3.032873934,0.5307789411,4.712397566,-6.938297318,38.11720913,11.50257996,-9.499422964,-16.51318591,0.7443412235,-7.081325346,-2.604550553,-3.550963149,3.250802146,18910,0,-1
101160,-8.973514568,-19.22033572,-7.019710229,3.713334403,-5.783329351,3.370850909,6.249409526,-1.078292051,0.6025672143,-2.32997902,1.870884415,-1.993789732,2.35581212,2.519971293,-0.3384271838,1.162604784,1.650029834,-1.018793346,-1.64765267,11.41891453,3.176165101,-3.41618455,-4.585353424,-1.445624779,-2.76805182,-1.105606599,-1.051381631,0.9144439771,5707.82,0,-1
103891,-8.818228177,-14.37493055,-5.366217148,1.0150142,-10.22082472,7.264054476,13.72371021,-0.7657859769,-0.9385195581,-4.325742918,1.300323615,-3.918381954,1.373169455,1.790381424,-1.464653522,1.51975444,0.8624822712,-0.1675953467,-1.626723177,10.00015039,2.633897968,-0.5808950762,11.06030459,-2.308036981,0.5805951194,-0.8708231143,-1.391641943,0.553068813,4462.71,0,-1
103898,-4.893073349,-12.46784175,-4.648527683,1.996320523,-3.687980567,2.614054383,3.456041834,-0.5379165628,0.8304793463,-1.350286126,1.864122848,-2.007500591,2.117046362,2.014377671,-0.6192465141,0.8775667192,1.579538082,-1.468441341,-0.9739988716,7.126535285,1.897962861,-2.290158413,-2.725403465,-1.550229199,-1.987878181,-0.8808080582,-0.6514059884,0.5469858434,3595.72,0,-1
103916,-5.930348194,-10.3302096,-4.299079704,2.106815164,-10.44442714,7.991148607,12.22389643,-0.7473439056,-1.417296252,-2.990873921,1.868741225,-3.536301306,2.482525567,1.655821885,0.3452596559,0.06791572196,2.124005425,-0.2142956376,1.950773141,8.513383334,2.074788424,-0.1975116231,9.057959956,-2.14704077,0.1057466798,-0.2639526099,-1.014584177,0.4639215947,3774.7,0,-1
108434,-4.974343258,-11.76061905,-5.60235352,3.003641442,-2.423074559,2.778760677,4.382263637,-0.6100597741,1.444644506,-1.974307294,1.620076953,-1.530946425,1.692936743,2.699487384,-0.6323413851,-0.4350244482,1.117575066,-0.3056824182,-1.606471635,6.966244731,2.025893659,-1.799523459,-2.982914273,-0.7745354052,-1.483869117,0.287514052,-0.7479633291,0.5257599511,3590.45,0,-1
109959,-4.890389501,-12.75581985,-4.848971928,1.04803565,-4.639199899,0.6062146746,3.929568779,-1.132287554,2.06585681,-2.286420673,-0.08779657117,-1.998479431,2.044255228,2.166399409,0.180904055,-1.719619918,1.054429207,1.896518221,-1.013693358,6.795882557,1.297427187,-3.657670987,-2.688594348,0.7771470777,-1.865252727,-1.119640144,-0.6775252955,0.6003939208,3669.42,0,-1
111347,-8.572463607,-13.11337827,-7.011817791,7.783843532,-14.15473475,9.653930445,19.30773585,-1.74318838,-3.348754846,-3.374608087,1.616880636,-3.976579457,2.925812114,2.665178191,-0.2122341678,1.050929099,0.08661303625,3.129377397,-0.4028599148,11.95923666,3.486044054,0.7841274843,12.6972971,0.01974290012,1.116856652,0.1515668585,-1.637643529,0.6458642861,5420.61,0,-1
111881,-5.578975741,-13.88607379,-4.661155056,2.535517003,-5.089248048,1.588637741,3.958298025,-0.9015350434,0.1876551472,-1.330568044,-1.162823276,0.01603363683,0.9609857688,-0.08638403631,-0.3673156657,1.353026994,0.6071343867,-0.8215353476,-0.3739791197,8.104496759,2.369150402,-2.040338508,-3.170040103,0.8144602204,-1.83589949,-0.815553542,-0.7158684516,0.6605340472,4000,0,-1
118515,-5.12764465,-13.39727363,-6.744023454,1.652815866,-4.247281966,-0.4374330675,5.205891391,-1.689656961,-2.471308714,-0.05220639058,-0.9450416124,-1.130569095,0.2317966226,1.302113303,-0.08779638025,-0.9650442224,1.020477934,0.3633580314,-1.324256381,7.404449016,2.474885232,-1.184554178,-3.566379609,0.2296059792,-0.8127456921,-0.108508121,-0.8064761011,0.5882019904,3908,0,-1
118597,-8.797244027,-12.44643229,-7.10348344,0.7391387258,-12.31366102,6.80205688,18.82265445,-1.792018429,-2.944344817,-5.361483385,0.3963607182,-2.042580194,-1.740525467,1.707518815,-1.200407817,0.9420705669,-0.9121998158,1.761402489,-1.850981266,10.41112671,3.139588193,0.2137100208,10.76060414,0.1990529245,3.347936227,1.380017778,-1.928813608,0.330807292,4905,0,-1
119237,-18.90396816,-25.00599332,-8.811519223,3.910175699,-3.805285886,2.452530233,12.84454769,-2.263574129,0.6052435273,-2.806352435,1.435777858,-0.7949916449,-0.2642471255,0.8104338772,2.460002393,0.9905938893,-0.7640717097,0.252313477,0.3631312907,0.9815916398,-0.4253154144,1.037477832,12.93642592,-1.683991842,2.785342095,0.7345528023,2.71266396,0.06909119606,4651.39,0,-1
119298,-6.29010452,-14.91936784,-5.586128891,2.704287013,-5.124168787,1.26588916,4.91271693,-1.174937468,-0.3497691131,-1.40115669,-1.007539277,-0.2053249947,0.8835214031,0.4559248875,0.148205794,1.582389344,0.4158841378,-0.8551159377,-0.3982582568,8.910159403,2.424813591,-2.940186338,-3.427149331,0.7632405139,-2.045698095,-1.063634689,-0.8249514914,0.7252962923,4395.34,0,-1
119550,-9.848468407,-16.07720745,-5.570140615,0.3805120558,-10.33799633,5.253519727,13.87552783,-1.134570777,-1.59539984,-4.543056665,-1.786940577,-1.296464247,0.9995595947,0.1815380415,0.08272137669,0.1170726683,-1.150386214,3.102339989,-2.766778315,10.27042154,2.537778839,-1.294973937,11.6773954,-0.3481353094,0.8259574372,-0.1123126715,-1.544745842,0.6200897099,4633.95,0,-1
119595,-5.626558755,-13.17427031,-4.360469322,3.690032372,-4.703351264,1.97146128,4.042506575,-0.5595308253,1.502946386,-1.972751519,0.1961172677,0.7919975456,-1.039819928,0.750159561,-0.6919217217,0.4273690467,-0.08448596285,1.122960452,-0.7407995802,7.604708582,2.218616603,-2.19599551,-3.084844217,0.8533314114,-1.818235869,-0.9385581405,-0.684413016,0.6406290042,3898.37,0,-1
119713,-20.92489743,-37.94345201,-14.06028125,10.47300536,-10.86663914,6.256654493,14.96052145,-2.392155448,-0.5970755878,-5.341248804,0.7130328343,1.361296649,1.410760183,2.969936003,1.441114457,1.134211802,0.2975319731,1.340820092,-4.392420909,23.64909457,6.829809687,-6.926353331,-9.928656783,-0.4470838122,-4.848150814,-2.24162029,-2.140723295,2.001492281,11789.84,0,-1
119969,-9.99710689,-5.955945958,-7.956760935,0.5083627119,-19.90759037,16.35553416,24.66452651,-8.090977723,3.32883744,1.736132016,3.320957874,-1.876201061,0.739909186,-4.519116278,2.436205656,2.329372467,-2.607749805,-2.838336447,0.6986457472,-13.819566,-5.916148961,-0.2752806856,-6.201215646,0.1405288905,-0.5104172556,0.1702738911,-1.037683748,3.500753985,4861.64,0,-1
121340,-22.13222314,-19.81553575,-11.18364431,4.829787284,-13.12846452,10.68977931,18.25705734,-8.6854091,5.250410163,3.366931424,3.790097977,-0.3627209032,1.940820368,-4.047297191,4.030891231,3.860327683,-2.498315213,-3.929336442,1.249590933,-20.52209351,-8.214994384,-1.969169881,-18.41621464,1.376121601,-2.965100821,0.1493689875,4.077221399,-1.975800885,4543.64,0,-1
121450,-28.26277483,-26.55151468,-15.93058592,6.945206857,-19.20349682,13.46173678,23.71878301,-9.419314458,5.264772541,2.362487635,4.021343805,-0.2290026388,2.788180207,-3.661823513,4.824577426,5.196516056,-2.571067744,-3.977141105,0.9003401613,-21.02827171,-8.701340628,-2.932574916,-22.4591702,1.771003496,-3.684736668,-0.1068855409,4.071876739,-2.383081342,4861.64,0,-1
121530,-5.263418841,-1.982211145,-6.773361852,-0.7697294153,-20.39989658,14.79331812,21.29089732,-4.144428936,0.3502935049,-2.582670044,1.912217568,-1.137528537,0.1929404048,-1.414579794,1.61460155,1.761352439,-0.7934929175,-1.658154901,0.8993196947,-7.598078866,-3.451866106,-0.1963527963,-0.6913650218,-1.039763719,0.2874663924,0.9143330325,2.853979467,-1.003875961,4377.98,0,-1
121712,-2.170763528,-1.083628009,-4.837473948,-0.1213941755,-15.94521288,11.22425527,16.42049648,-2.702253824,-0.006597483982,-3.173114796,-0.04435749146,-1.487377273,-0.9535729506,-0.4263598112,1.47874984,0.4805351291,0.09584628349,-1.713039712,-0.5387108101,-3.107401803,-1.510990562,-0.2021532165,0.1872066011,-0.7812854364,-1.117892964,-0.2168392286,2.481950917,-1.033485628,3556.43,0,-1
122021,-3.151377026,-1.900863557,-3.582920784,0.3381451576,-10.36869403,6.606873523,7.73053278,-5.752773513,0.5313538611,-1.513020793,0.8109455521,0.123970591,-1.047602734,0.3304693798,-0.03096030874,2.015429736,-0.6538648096,-0.6489473562,-0.03725825473,-4.048064117,1.278930372,-3.979896071,-11.35220818,0.4195990886,-1.330503184,0.2958712288,3.344805518,-0.8957831493,3521.42,0,-1
122143,-6.6787691,-14.77791135,-7.927789403,3.156871172,-3.57941539,0.6915847945,6.728138461,-1.509530909,-0.5422133309,-1.777408945,0.3865914594,-0.1232728123,-1.121434192,2.335599195,0.0001152248178,0.2304885272,-0.1374425904,0.8423593295,-0.7585076546,9.056020097,3.008688111,-1.711014901,-4.183858503,0.560349352,-1.222831492,1.135123368,-1.076926137,0.6785082969,4585,0,-1
122452,-12.56496898,-7.021367656,-11.58743162,1.988852332,-28.81557695,21.1901941,26.24971724,-10.82566364,2.961064345,-2.436705952,1.477685764,-0.5655870701,1.220321555,-3.256502661,0.3082718148,4.188611392,-1.388923687,-1.61565573,-0.05105683124,-17.9706748,-1.360000364,0.9494427137,-2.165378105,-0.4497176978,-0.3467918369,0.8371447535,5.058447866,2.435250231,5918,0,-1
123546,-4.469495693,-11.87693479,-7.783509601,0.8602211814,-0.7909333887,3.836236547,4.494201007,-0.5147503028,-1.627924982,-0.6698576045,0.1080677279,-0.4992606659,0.3846586598,1.42222713,0.3129639624,0.4421488645,0.5708197397,-1.176843447,-0.4922417614,7.12353173,2.594126085,-0.4947083893,-3.271248371,0.9855865885,-0.4803754958,-0.05201147418,-0.736443729,0.5091671527,3507.54,0,-1
123549,-6.327790436,-13.9969609,-5.999111432,3.877755652,-4.459931856,0.3786105598,5.885936444,-1.49721412,0.06925047226,-1.945747465,-0.7085567269,0.7192359464,1.250021641,1.108623949,0.5652397297,0.3846819499,-0.1781859517,0.3876001348,-1.436293272,8.663183774,2.760922476,-1.695813049,-3.762532539,0.3585412974,-1.543589383,0.2830019142,-0.8974081183,0.6886761769,4350,0,-1
124809,-6.384062418,-14.90465298,-7.466794394,2.826456363,-4.475831073,-0.3089854029,6.302539979,-1.741622586,-1.258399461,-1.092282196,-0.9666129486,-1.618276357,-1.475369025,1.891871517,0.3058492721,0.6890730163,0.8687632913,-0.6723327179,-0.7419783415,8.919121879,3.178364277,-1.047843023,-4.15228476,0.2618338872,-0.9712420586,-0.1682370992,-0.9543210467,0.6832978756,4500,0,-1
125199,-7.130766811,-16.26662772,-8.396225491,2.56372691,-3.695790566,2.28517733,6.270520808,-1.079995248,-1.357215849,-1.176416082,0.488013172,-1.567163707,-2.544970067,2.411452211,0.5840764765,0.3987305233,1.187166223,-0.9617401843,-1.274319698,9.500174296,3.442379306,-1.074102017,-4.41677039,-0.6850812926,-1.250577229,-0.1215543134,-0.9877944078,0.7185245871,4833,0,-1
125257,-4.534102675,-11.78551682,-6.73695465,1.651769666,-2.394427241,1.347169952,4.767351749,-1.032554569,-1.310537657,-0.7922999659,-0.5445434961,-0.9817215459,-0.4604557802,1.476042853,0.841015254,-0.1769664651,1.386672879,-2.118984556,-1.277404193,6.910890524,2.630959409,-0.2345722779,-3.216360259,-0.3083449057,-0.6972099691,0.0100122814,-0.7166761873,0.5048638621,3500,0,-1
125708,-5.624904246,-12.6894404,-4.669955453,4.484620978,-4.392888116,1.015860974,4.704349943,-1.035865176,0.4919390976,-1.604100071,-1.005787064,0.2406813923,0.5842136019,0.9385251283,1.356516578,0.9764023372,-0.6585685317,1.142308413,-2.027753086,7.727560874,2.596355599,-1.291472435,-3.332063346,0.008990954174,-1.533550768,-0.9667663244,-0.68354994,0.6512025177,3932.5,0,-1
127224,-9.410703097,-15.78223237,-0.6469871145,3.533610834,9.08797905,-6.68066955,-11.49685121,-0.8921633799,1.321719446,1.331957212,-0.09493182561,2.456269094,-0.6019600464,1.710716412,-0.3696960005,-1.821680612,1.090115461,0.8483169023,-1.414250626,5.966793158,2.368389183,-7.417139901,-27.21543637,1.639104954,-5.785209207,-1.299989826,0.5740715468,1.545369405,3804.63,0,-1
127598,-9.110393125,-15.44718183,-6.70841796,0.1154347671,-10.13861668,6.888006822,15.3844173,-1.16253326,0.01977120409,-5.613092095,0.6685315392,0.5646055876,1.00180223,0.3833062588,-0.4226690737,0.06059057401,-0.8164590214,0.6837464248,-2.086419281,10.57079882,2.860811396,-0.2898261028,11.99086484,-2.241583193,-0.2773172491,-1.262542906,-1.474150084,0.4994810074,4738.79,0,-1
128027,-12.89521427,-20.49212866,-12.79462894,4.691973885,-17.5150775,15.56882284,28.06982214,-2.149673203,-4.346560539,-6.737941667,-0.1910434304,-2.33297587,1.008999723,1.677601444,0.8349342671,0.1407467757,-0.6910363206,2.779350279,-1.311422674,17.14105236,4.956184142,0.7186071313,17.7684618,-0.1666711542,3.655825956,-0.343445228,-2.7086802,0.5006504601,7766.6,0,-1
128491,-4.852321714,-12.59437344,-4.665901779,1.668309514,-3.927105054,2.547585654,3.268407042,-0.4354377652,-0.4602537699,-0.8421582626,1.01386715,0.1463355312,0.5604811817,0.6433083697,1.171163627,1.371550781,0.4506866293,-0.8251370786,-1.398972593,7.150875347,2.644554192,-0.3728056408,-3.008717979,-1.419947814,-1.683422304,-0.3330476586,-0.6144565542,0.5481245748,3576.45,0,-1
128701,-19.78062553,-25.66362834,-10.86541041,6.046024882,-16.45977262,9.410863797,18.5857295,-4.394882157,-1.049021057,-4.226812323,0.4626650764,-0.4093598319,1.242139967,0.3181135644,0.8148302841,1.685413895,-0.5122746152,2.270137956,-0.0177528141,-0.0448817938,-0.6177300298,-3.400874194,-1.185749872,1.067913891,0.1958950665,-0.402494529,5.866954598,-6.390337595,6652.89,0,-1
129041,-5.800518516,-14.32963264,-5.245740296,1.233571451,-5.453852928,0.528936548,4.531790364,-1.10033017,0.5341029276,-1.931116433,0.7457788818,1.088313722,-0.05414461151,1.131327473,0.2625472935,-1.486573366,0.1837538171,2.174890232,-0.7234180435,7.678076609,1.774736987,-3.53934566,-3.110998963,0.1952323266,-2.084160317,-1.118349302,-0.7345905792,0.6661824951,4106.04,0,-1
129091,-5.133255279,-12.19650942,-5.559649605,2.647838486,-3.742669126,0.5122610215,4.897423627,-1.145716391,0.7149648796,-1.996530165,0.5614638918,1.103297255,0.2297922482,1.38670383,0.3176052586,0.04748783391,-0.4875434462,1.492650103,-0.585867667,7.313216006,2.600704564,-0.6959059162,-3.424853969,-0.09992235222,-0.895580687,-0.7946013748,-0.683659907,0.5776651767,3721.4,0,-1
129252,-1.864942181,-2.210193221,-7.60657875,-0.06154645272,-11.39616622,5.829001934,10.34181828,-6.957116652,-1.063764289,-0.339964718,-0.7602481064,-0.6158626526,0.1367643068,0.7660145438,-0.09147642491,-0.4620391638,-0.2404010024,0.139384811,-1.671442532,-4.872127494,1.703850953,-1.620807795,-10.85915665,0.8432987295,-2.780685251,0.7017234865,3.869423984,-0.7533797666,3848.01,0,-1
129694,-4.731234754,-12.23199206,-6.871512129,1.786450201,-3.053763481,0.362379246,5.047677229,-1.293136044,-1.455149284,-0.5387319249,0.2440120705,-0.9834179792,-1.180174223,1.761770755,-0.5105052763,0.9963446626,0.2942461673,-0.1017601696,0.1009535076,7.283610667,2.674014952,-0.6329824299,-3.459006489,0.4355437382,-0.5707449186,-0.1028143438,-0.8040369962,0.5285070441,3651.81,0,-1
130626,-7.379747301,-16.6937,-6.175065218,3.178264772,-5.701879243,1.423202586,5.672218366,-1.337158207,-0.4513493854,-1.668306245,-0.8892448976,-0.04982885581,1.164049682,0.5491625026,0.1910302749,1.622128125,0.4525976139,-0.7922279404,-0.6111542513,10.06229677,2.772624569,-3.204407786,-3.913306471,0.8834962529,-2.256530294,-1.129450881,-0.9295538472,0.8242631313,4956.31,0,-1
130956,-23.20960205,-20.05678444,-11.85164907,4.811523398,-16.65899265,13.34871427,23.47521708,-8.385574691,4.094707655,1.505223488,3.579304388,-1.123680313,2.298813477,-4.331583188,3.898970538,4.720958761,-2.763000874,-3.158595307,2.660955409,-25.22234524,-9.019472383,1.039620085,2.990195645,0.2302356251,3.214826578,1.047925565,-0.03767724725,14.04630134,4248.34,0,-1
131357,-9.348219842,-14.36960406,-6.401522153,2.916471743,-15.27105967,10.52132175,17.51247474,-0.726991214,-3.458514851,-4.651218163,-0.7351976114,-2.40999901,0.488817458,0.6217338424,2.165197947,0.3280287837,1.902346332,-0.283576077,1.522162843,11.96694888,3.043178528,-0.696810163,12.57167043,-1.225695938,1.992043031,-0.08738877065,-1.825966708,0.3898931712,5356.42,0,-1
132153,-6.282821524,-8.389407695,-8.23031389,0.8750329696,-13.05161529,6.594591185,10.19873438,-9.237192635,-1.802819994,-2.897508005,-0.2070988021,-0.06201234957,0.971867269,1.130049518,0.1359178371,3.048982231,-0.06904496263,-1.973524262,-1.705020051,1.540493997,-2.397877037,-0.7685999042,-14.00087907,1.173708735,-2.993203103,-0.5127065998,3.23715124,-0.4459537923,5714.58,0,-1
132779,-4.389647173,-1.993088948,-12.62745269,0.2823112924,-29.73059986,21.30773787,31.52724367,-6.35423283,-0.293292549,-3.399166583,1.811067794,-1.721827752,0.7872921217,-1.516869038,0.6544651913,2.79742066,-1.660477755,-1.636734662,-0.4688633921,-10.34732793,-3.801492341,1.75795721,-2.13908639,-0.02546257027,-1.914228344,0.2756065473,4.655053582,-1.398363576,6454.74,0,-1
133971,-10.9501725,-13.35913305,-10.66475514,1.157564533,-28.36378524,17.0199344,30.8976664,-4.699193165,-2.450505407,-5.854899299,-0.6605022005,-4.023512924,-0.1543409258,-0.969793546,0.6537978407,4.448977258,-1.044699507,-0.3254351562,-0.09094984334,0.9665062205,-1.0235716,-0.3317560796,9.616934809,0.5047948209,2.681357642,-0.2635913858,3.414928785,-2.455349529,7583.32,0,-1
135284,-6.035851001,-13.22482966,-6.655505761,4.446741222,-3.201953975,1.307554561,5.995385628,-1.219452941,-0.4349213301,-1.501372998,0.1387018089,0.6308303653,-0.07814897743,1.742780179,-0.591845438,0.2784410684,-0.4944904552,1.063993824,-0.9803353162,8.240721433,2.581604389,-1.947864735,-3.729543113,0.3965577881,-1.022250138,-0.9570928838,-0.8212800678,0.6567663981,4190,0,-1
135753,-4.700943513,-11.92603424,-5.124224892,1.356565184,-4.250199824,-0.08371392222,4.285405233,-0.9781356537,1.592396464,-2.274091517,0.7438477062,0.1726572774,-2.223159047,1.780613602,0.9290014396,-0.02958125012,-0.1008376852,1.324072193,-0.05865751807,6.739672875,2.188539299,-1.529848161,-2.937347894,0.2272837275,-1.354195474,-0.6001286694,-0.6831998518,0.5376167172,3500,0,-1
136129,-4.28857343,-2.470503807,-3.545524464,0.02408871362,-13.05558962,6.648988895,10.02292444,-5.734950554,-0.7646532885,-1.117565628,0.3070161006,0.07568420904,0.7873026409,-0.4832456678,0.294566771,0.02575231735,0.1266023281,-0.3701866872,-1.410617797,-4.777028837,-0.01180780705,-3.950886762,-12.81611009,1.910580588,-2.88711659,0.1231073368,4.236172588,-1.106830173,4171.8,0,-1
137059,-6.762462974,-14.73855021,-6.043886447,3.816635909,-3.943655589,2.821284955,5.38365911,-0.7476765029,0.1215534387,-1.957325408,0.9216100123,1.125657198,0.6046310901,1.36924613,0.977890649,0.2254270718,0.05581055008,-0.01382220329,-2.144334066,8.829813437,2.810864551,-1.854861479,-3.747779348,-1.381273078,-2.012620583,-0.1031782884,-0.8373893955,0.7004273557,4487.49,0,-1
137926,-7.249592591,-11.57799373,-4.133021335,2.371679183,-7.667131794,6.389997569,11.60077217,-0.6485376864,-1.11782757,-3.296693038,0.6662370845,-0.3291199521,0.1106973222,0.4591560582,0.4954020332,-0.2190977548,0.08244111847,0.3570797008,-0.179717955,8.420787918,2.03360176,-0.7327356432,9.136946137,-2.097797763,0.01260698423,0.1688652617,-1.257801851,0.2745520511,3655.11,0,-1
138218,-3.568445505,-5.262859006,-4.916219084,-2.155574522,-16.38900413,9.463781149,16.09904002,-2.507733051,-2.73980146,-2.384429815,0.1312858039,-2.35913805,-0.6549848385,-0.6808173941,-1.633935988,1.71060201,-0.7792767652,0.7739088781,-1.184073833,0.1566339105,-0.6741453095,-0.911826262,3.25747771,-0.5225788414,-0.09069631842,-0.7500272314,1.585655139,-0.7950474441,3907.9,0,-1
138363,-6.951773453,-14.8394852,-7.162392165,4.19897237,-4.282513995,0.6566830291,6.256525319,-1.399271198,0.03666255288,-2.490660548,-0.5057091558,-0.6810437369,-0.5322520054,0.4304394829,1.619298983,1.147216704,0.7230624992,1.438354438,-2.002835892,9.275418915,2.968185152,-2.025983546,-4.041930651,0.833733699,-1.682753061,0.1592705343,-0.9557794691,0.777056237,4675,0,-1
138975,-7.418658885,-16.46099886,-8.121185067,3.03622839,-4.551141405,0.453446104,7.062381941,-1.853659748,-1.94029468,-1.242296885,0.8768433735,0.3279871916,1.11905516,1.684847235,-0.5817174443,0.9321390887,0.3697449115,-0.272074958,-0.5137903233,10.17450901,3.556405679,-1.066611223,-4.699522136,-0.02425508035,-1.065213158,-0.2299244703,-1.041480584,0.7668486155,5026.26,0,-1
139069,-5.662559098,-13.0600848,-5.331624192,3.053802332,-3.2977902,3.201372672,4.416634608,-0.4032615849,0.4704711367,-1.843730802,0.7627242004,1.131764612,0.2580270335,1.066412611,0.5288508715,0.1584038257,0.202087882,-0.5834299715,-1.495183861,7.694578429,2.014497299,-2.90453559,-2.937180424,-0.7771316502,-2.213144639,-0.1891864759,-0.744490001,0.6124523035,3917.92,0,-1
139951,-3.832971833,-1.979763625,-5.749184295,-0.5247901569,-19.19212818,12.22654833,19.77535728,-4.475392464,-0.8650057773,-2.005761086,-0.4049455471,-1.699018923,1.133476236,-1.783720132,0.6834558716,0.6366721817,-1.291267775,0.6176651676,-0.1163855955,-7.423904992,-3.481077701,-0.750837281,0.1858922033,1.110479936,0.06884307115,-0.4901172999,3.922875245,-2.466626365,4097.4,0,-1
140251,-5.571681675,-12.4673622,-7.211284704,3.019679771,-1.809117043,2.552720606,5.722322077,-0.8260646434,-0.6172877137,-1.761210751,1.479043122,1.180638599,0.2086559613,2.092085708,0.8482500098,-1.431173666,0.7954936838,-0.9743115698,-2.229832894,7.5573281,2.785485844,-0.5271616506,-3.553385769,-0.7944107136,-0.8742342234,-0.1894780162,-0.7514884032,0.5697351123,3896.83,0,-1
140335,-11.44624524,-17.9645609,-10.76850652,4.912279587,-17.33240576,11.0255399,25.97105848,-2.750334107,-3.658420295,-6.080393655,-2.143407979,-3.343614235,-0.239108828,1.604799801,0.7198685203,0.4105136512,-0.8167653899,3.069246717,-0.606613992,15.27310315,4.374018675,0.4970789138,15.71995198,-1.190285112,3.570876774,-0.2641158349,-2.484483014,0.4173411253,6982.67,0,-1
140441,-4.998938694,-12.81900245,-4.870043967,1.845050908,-3.900682435,2.563090918,3.55349224,-0.4162914632,-0.3146564723,-0.9759976113,0.752833459,-0.01138806857,-0.4778994806,0.783647449,0.2306891029,0.9590341524,0.9039093268,-1.612656943,-0.7811431308,7.215629922,2.069398609,-2.210808027,-2.772177014,-1.512899073,-2.016800164,-0.8446135376,-0.6409646089,0.5605296592,3648.57,0,-1
140711,-4.489081418,-12.86940246,-4.001162199,1.101210155,-5.238045063,1.469706892,2.544407421,-0.7123926815,-0.9275473695,-0.05597715131,-1.368732424,-1.292293017,0.7329260459,0.07278220553,1.687844758,0.9791650091,-0.02776046639,1.671760557,-1.745866253,6.709972546,2.177755281,-1.262630723,-2.796612252,0.407079608,-1.816850228,-0.4893817988,-0.5953728409,0.5837363315,3510.95,0,-1
140818,-4.406355155,-12.33669438,-6.93789175,0.8922527907,-3.049146289,0.7273632652,4.610372895,-1.340649153,-2.700579573,0.2662476769,-0.2013760141,-0.6170382993,0.7819574913,1.239081552,-0.8089609956,-0.4363409587,0.2592372031,1.20549969,-0.4372879168,6.813416826,2.239803119,-1.128999911,-3.383622474,-0.1133638063,-0.5216668364,-0.06315803345,-0.751302135,0.5154623672,3561.84,0,-1
141031,-11.12888986,-22.63219344,-9.398485099,5.163724873,-5.105793695,6.483703951,7.762586328,-0.7460024197,-1.085756326,-2.253215153,-0.405671895,0.5563558038,1.302083272,1.538106437,0.8544830803,-0.6808841171,-0.01719621115,2.053273553,-3.191900861,13.28875112,3.38507284,-5.221074879,-5.463469796,0.9200752224,-2.943831636,-1.77357484,-1.193775423,1.157932364,6828,0,-1
141546,-13.3969204,-19.23065302,-9.042012499,5.678407562,-21.57701879,12.12895041,26.2377222,-1.794955213,-3.144266321,-7.298829367,-1.510262552,-2.553841733,-0.1595078029,1.257466395,0.8115996701,1.253092737,-0.2856957199,2.880040017,-0.9208250738,16.43692035,4.036759827,-1.638596358,17.60663686,-1.106439236,3.410742347,-0.9718614136,-2.402525076,0.6264521621,7541.7,0,-1
141633,-7.31917013,-15.09971122,-4.782758412,7.32368024,-4.493311167,4.243609,4.836252179,-0.3378424822,-0.3278811162,-0.9372878684,-1.197472646,-0.564469526,-0.08158627786,0.8519498572,1.535908031,1.618024945,-0.2930368562,0.3149947739,-4.395282985,9.154663848,3.101611983,-1.625028534,-3.775318655,-0.3926191703,-2.408094305,-0.4455152735,-0.8006917051,0.7894952794,4692.65,0,-1
141655,-29.94297227,-25.83178211,-16.22751193,6.69067917,-20.78784581,13.08569437,17.2566229,-9.161746211,5.003041305,-2.431466391,1.759989393,1.861432718,3.053383686,-1.409639743,3.680271529,4.53127503,0.2200112327,-1.604536176,3.140310616,-21.38712193,-2.494699181,-0.6602972085,-8.537815807,0.400804472,-0.643022787,0.4969028458,6.267709089,-2.765070002,3502.11,0,-1
141764,-11.1821011,-15.65042717,-6.565698486,4.691399526,-15.25354598,9.291293212,19.19442741,-0.9693443102,-2.829543504,-5.674890361,0.3244853611,-1.060096083,-0.01680740051,1.269407193,0.01747260075,1.050618053,-0.381955981,2.633216071,-0.1908662919,12.72035567,3.175705683,-1.490534347,13.32111375,-0.07113267313,2.574408012,-1.003209619,-1.993269864,0.2429406399,5714.2,0,-1
141925,-7.838469594,-10.20473383,-5.29387399,4.168042825,-6.537642608,7.071180493,13.70818347,-0.6513405257,-3.686143122,-2.865933349,-0.06194602477,-1.315572965,-0.5274127834,1.240104627,-1.806751822,0.9981487919,-0.9575957088,0.345915453,-4.026241754,8.155649274,2.583726637,0.3053982454,8.690485871,-1.438223448,2.057970977,-0.05981126676,-1.315941379,0.388270671,3783.15,0,-1
142019,-37.55806711,-29.33599158,-24.96232178,8.413615997,-35.18212031,21.55049619,36.87736827,-8.915982171,5.046566143,0.9094738374,3.91968568,-0.38425996,4.316156232,-3.113694386,5.667667171,8.28988956,-2.490934543,-3.570906808,1.663898981,-28.00963533,-11.26323521,-1.150827683,-7.800902312,1.272715949,1.965365085,0.767816796,3.248188929,13.01354589,5964.95,0,-1
142169,-7.120621534,-15.15236528,-6.053594151,4.671266176,-3.843920213,3.678636343,5.459762955,-0.5218333425,0.2863039364,-2.004996462,0.5636593257,0.9204112662,-0.1387897298,1.407048096,0.5724397219,0.2046747215,0.1014342215,-0.08940912961,-2.108328566,9.079727414,2.496907746,-3.177566144,-3.627229464,-0.8212870661,-2.233790028,-1.478603262,-0.7923874344,0.7567264581,4644.25,0,-1
142536,-3.743306915,-2.128709103,-6.300473161,-1.169339723,-18.56762145,12.05876335,16.33409134,-6.093841248,-2.34828148,-3.651810546,0.1233661782,-1.262274242,0.4504660817,-0.2077750816,-0.8959324089,3.594874683,-0.6674957794,-0.5792071638,0.9910151389,-1.525005987,-1.733197519,-0.1643869982,0.9510980984,-0.732734641,-0.1531184893,-0.4325207265,2.775186875,-1.461375429,4102.74,0,-1
143922,-5.455208938,-10.10636469,-5.811607256,3.372207952,-8.219847261,6.456905515,11.99137788,-0.7721921554,-1.657014755,-2.83348034,1.02031986,-0.2527962984,0.3130555076,1.186056825,1.656758192,-1.260745094,0.7862962631,0.6414399673,1.225698375,8.006203783,2.186868608,0.0859918573,8.561826311,-2.056678576,1.070725361,0.004961849509,-1.273569672,0.07731313431,3563.19,0,-1
144755,-11.06602671,-5.312983528,-13.39143232,2.674077497,-27.73748743,16.41063752,21.44450816,-9.611082948,0.9993004817,-2.656895503,0.5886001351,-0.06055471508,1.984299951,-0.1673443773,3.359356509,5.562387814,-1.321160012,-2.028295115,-0.7864535775,-16.07366116,-6.647065787,-1.647270735,-30.26972001,3.340880348,-6.429333989,0.1676275511,8.104297442,-2.282918628,8360,0,-1
145150,-7.500595144,-16.4793792,-6.313021785,2.752377649,-5.516627034,1.201422161,5.912656125,-1.347216093,1.29983185,-2.996919996,-0.6203690415,0.7760236688,1.200749486,1.060894283,2.096443142,0.6017810065,-0.3414505905,1.202425828,-1.308951434,9.946414862,3.192841557,-1.864286076,-4.194014878,0.9185758951,-2.007090002,-0.3319428803,-0.9359323005,0.8210828638,4959.85,0,-1
145283,-21.53247752,-34.70476762,-8.303035277,10.26417507,3.95717475,-3.229694633,-4.066768336,-4.083970951,0.5540715589,-2.166866635,0.9397049946,3.108921668,0.8086125017,4.109779298,3.017038755,0.5540178298,1.17460855,0.6010346414,-4.353679485,19.74645308,5.198717593,-7.331077842,-32.828995,0.1189857646,-8.69662677,-1.778061476,-0.5197857583,2.716716461,10000,0,-1
145381,-13.71074553,-21.17791161,-9.340627925,8.385815157,-22.75601567,14.43531449,28.23952821,-2.201818674,-4.713334858,-6.234861855,0.06801135067,-1.945332872,1.932617405,0.6337320463,-0.1002510757,2.991970794,-1.736619463,4.079390035,-2.475025072,17.8852382,4.993296197,-0.04568164354,19.22816908,-1.420446917,2.351701473,-0.3538400801,-2.608042957,0.8040992232,8182.7,0,-1
145548,-11.31680746,-22.22597831,-10.72351427,5.827606261,-5.752157191,1.413055147,10.16687683,-2.274262653,-0.4551591875,-3.137615038,-1.618407668,-0.6548905446,-0.5744835935,2.768522097,1.036429474,0.192234794,-0.06818384185,1.379841928,-1.85480925,13.90784337,4.459211966,-2.944057427,-6.414075383,0.4746359321,-1.68696165,-0.6107807859,-1.415434515,1.128810784,6998,0,-1
145630,-32.54313968,-50.38326913,-10.7333016,9.571705249,8.656575293,-6.377449512,6.26343974,0.2359055879,-2.499283895,-3.787952426,0.2907249331,-0.03297597285,1.843267284,2.621840762,0.3718240512,0.648664255,0.4880377704,1.556725438,-2.050998983,23.64341694,7.43665606,-0.2426503018,22.52841169,-1.85358315,4.301757434,-0.07671138,-3.466006708,1.278494123,7367,0,-1
146271,-7.971526932,-10.68999702,-5.370129594,2.436369358,-10.47956383,6.286733828,16.30314077,-1.491926436,-2.743935322,-4.527111649,0.03852320377,-0.8619597813,-0.01710089932,1.066038281,-1.499101882,0.7102746295,-1.10508377,1.899189215,-1.312821795,9.221255884,2.605217376,-0.116199799,9.399659562,-0.9299118989,3.127397836,-0.5840150565,-1.515562614,0.3350673728,4290,0,-1
146772,-35.90510491,-31.04136237,-19.47290828,9.216959867,-18.86355299,10.71332564,16.68726549,-9.609233774,3.296559361,-1.368484128,2.545327,1.882563005,3.727828716,0.4187479848,5.501116596,7.059131811,-0.9559523929,-2.11310061,-0.08318310152,-21.96489828,-2.661700939,-3.016337041,-19.33125494,0.9877741234,-2.180899306,-0.1724797313,6.228140321,-2.830090943,3552.96,0,-1
147170,-4.591746742,-3.985904669,-5.579474177,-1.383969225,-16.64410915,11.1397261,15.29686666,-4.42537403,-2.249178126,-4.089560435,-0.7128434201,-3.083139594,-2.777549806,0.5489825903,-0.8093084032,3.669433169,-0.630540895,0.1674221045,0.4737679275,1.243595724,-1.707732169,-0.6194215247,3.026678427,-0.4195837646,1.025502299,-0.4557185267,1.403988054,-0.953358179,4012.24,0,-1
148339,-9.428468358,-13.91497236,-6.579221621,4.031157352,-11.36842062,9.135907255,15.42804685,-0.2895951812,-2.093925073,-4.663584345,0.2322688915,-0.3830938974,0.4813786448,1.165532232,0.4245329401,0.2416772445,0.05334707301,1.197923985,-0.8708943313,10.67314226,2.839341805,-0.7644610486,11.51972496,-1.593474455,0.589492501,-1.121475896,-1.4109398,0.2618299215,4781.44,0,-1
148397,-5.724458092,-12.53776059,-6.833280839,4.561982399,-3.129080876,0.061981644,6.330681649,-1.532201878,-0.61065293,-1.463108665,-0.6990071214,-0.2721109866,-0.8322761401,2.084255318,0.3647047391,-0.4073314065,0.136919805,0.3402456351,-1.764497961,7.848574583,2.759009021,-1.11886603,-3.681957626,1.309666333,-0.6877697184,-0.6748328567,-0.8262281739,0.6317954275,4041.2,0,-1
149657,-11.4487905,-21.74905962,-8.478933356,9.477565349,-6.349226663,3.148004587,9.073539977,-1.572850088,-1.325552548,-1.703301842,-0.181498092,0.1979603218,-0.5270151345,1.85756862,-2.032622812,1.19074028,-0.1661931058,1.372916508,-2.988596705,13.65764654,4.268579844,-3.209213841,-6.022927684,1.097594158,-2.286402893,-0.5960962232,-1.347594059,1.13768416,6900.47,0,-1
150149,-13.20321261,-19.52689241,-4.728859323,6.580721159,-10.70967569,10.15374064,15.91576694,-0.315477477,-1.709404721,-4.554826031,-0.8577376076,-0.8568803236,0.4242467856,-0.6624345615,-2.740266784,1.69814868,-0.98475157,1.784674478,-4.366767069,13.11981852,3.836025654,0.3135330341,13.75013592,-1.655787707,2.330348531,-0.2108275186,-2.081666661,0.3962885694,5627.06,0,-1
150726,-13.09960319,-25.43445143,-11.92191241,4.976147342,-6.139222109,3.203289931,10.92310357,-2.020640621,-0.498650828,-3.894492,0.982409697,0.7193015194,0.03949360938,3.089595432,1.396319662,-0.5392605546,0.6767029941,0.469390801,-2.394408092,15.67252503,5.092726193,-2.97034426,-7.083261749,-0.4397017562,-2.386292904,0.1592064169,-1.588007066,1.24573513,7862.39,0,-1
151245,-5.374614401,-13.9510951,-5.958109798,1.855905644,-4.869697779,0.3502189326,4.638727176,-1.395517527,-1.824965785,-0.2759185018,-0.9103082325,-0.7103678566,0.4578614208,0.6918535369,-0.5870574992,-0.8450901372,1.153469035,0.361900227,-1.26150668,7.624634453,2.352145418,-1.680310461,-3.396756679,1.371152963,-1.223076783,-0.3894131265,-0.7783257117,0.6333467282,3995.94,0,-1
152443,-13.87877365,-15.12656959,-6.760479698,8.225483465,-10.43851442,10.82130076,17.91188417,-4.748377518,0.645545971,2.506675314,2.601100737,-1.671462719,1.279099882,-2.889784235,2.671856487,1.840254101,-1.443680395,-1.436927601,2.030912158,-9.197412193,-4.801821127,1.268041358,7.810062126,-0.3955468488,1.00244314,0.3158859376,2.336608943,2.900825732,3758.25,0,-1
152763,-14.64170952,-28.55482482,-12.71446159,5.878263935,-7.855074203,2.471003975,11.9225773,-2.651203311,-2.223984665,-2.973570302,0.3405164044,-0.2043476475,0.966013238,2.677856601,0.07121256639,1.634390358,0.3412563949,0.7995560226,-1.522014162,17.81950743,5.78820702,-3.269671319,-8.02455592,0.4230207745,-2.396701216,-0.633380091,-1.763703749,1.422017389,8787,0,-1
155131,-6.59694379,-14.28456941,-5.728648935,4.80932902,-4.234105789,1.748008112,5.696688384,-1.175663747,0.3870381412,-2.001010245,-1.768069862,0.7116554442,1.484064516,0.7912898996,0.3526712338,0.8049909531,-0.613084997,0.5315601426,-1.232289034,8.8677606,2.261084904,-3.397514936,-3.631997006,-0.9070914567,-1.859432,-1.477823126,-0.7871091235,0.7383805774,4465.04,0,-1
159761,-5.055003398,-12.54187568,-6.908453143,2.375297969,-3.191284501,0.4545991027,5.374913105,-1.363432519,-1.687869976,-0.5249677716,0.2088697247,-0.1037133924,-0.3737975805,1.917186048,-0.4259675614,-1.410053769,-0.04485176678,2.154828081,-1.424224627,7.041937177,2.195615672,-1.745932319,-3.433494698,0.588558509,-0.8814010564,0.5896640594,-0.8523419231,0.5571065504,3789.8,0,-1
161785,-4.055117924,-2.855461214,-5.498678658,0.5644668852,-15.16556474,8.535960474,15.12655428,-2.831632789,-0.1433790528,-2.933268735,-0.8615932652,-0.9619051887,0.2905126401,-0.4047725367,0.2192082515,2.113668383,-0.9395200128,-0.6505033384,0.04638748975,-3.794086347,-1.773842819,-0.813322283,-1.342665553,0.3424689344,-1.532460099,0.1091836218,3.07644688,-2.089204656,3502.13,0,-1
163427,-6.320322922,-14.46617521,-4.999954784,3.582369099,-4.966437303,2.047298917,4.493347948,-0.8240395865,1.472687904,-2.194196108,-1.773545307,-0.1851111531,0.2312331949,0.6772562142,1.805851403,1.449214647,-0.8680425921,1.824835891,-1.482284921,8.585117578,2.782199325,-1.649452736,-3.64912557,0.1850304497,-1.883881699,-0.5536956611,-0.765958213,0.7231920055,4323.08,0,-1
164989,-5.614596621,-12.58586555,-8.211221879,3.399531464,-0.5479043705,4.304917886,5.755922575,-0.5683423694,-0.9077591349,-1.442714693,-0.07489600745,0.2965999054,0.2701092653,2.013661227,0.577836799,-0.4090214805,-0.1823468505,0.2265236429,-1.687295881,7.888933178,2.716594729,-1.149995824,-3.698730491,0.9564213177,-0.5467855892,-0.5995804158,-0.7880211679,0.6088596218,3990.12,0,-1
165682,-6.164100578,-14.48388615,-7.325884438,2.04087869,-4.311077374,-0.2618889382,6.230376904,-1.740938455,-1.426988261,-1.24429071,0.9356699122,0.785547935,0.5512526224,1.919309503,-0.2358144266,-1.840447024,0.2436476651,1.985040582,-1.354559428,8.238456689,2.589505571,-1.788241705,-3.937858061,0.3908365837,-1.129260754,0.5839622639,-0.9507217818,0.6527767792,4361.17,0,-1
166198,-35.54853921,-31.85048414,-48.32558936,15.30418399,-113.7433067,73.30162555,120.5894939,-27.34735993,-3.87242453,-12.00548678,6.853896707,-9.189417876,7.126882959,-6.795941557,8.877741598,17.31511152,-7.173805302,-1.968044188,5.501747214,-54.49772049,-21.62011965,5.712303043,-1.581097508,4.584549137,4.554682756,3.415636243,31.61219811,-15.43008391,25691.16,0,-1
170302,-5.034682869,-12.15582159,-4.527769072,2.219104138,-4.375383088,0.380424133,4.385222813,-1.140604742,0.892836295,-2.145123263,-0.3515105582,1.237677231,1.918828845,0.6064433983,1.550775992,0.6802945943,-0.4201178099,0.2418190844,-0.960592152,7.358634804,2.058558384,-2.221444533,-2.833333469,0.1459438149,-1.957436661,-0.0529929527,-0.7208707929,0.5932008262,3670,0,-1
171560,-6.519366415,-10.72321491,-4.631725997,0.07479192137,-9.973645905,7.97596808,12.79378118,-0.541910044,-2.328087932,-3.492152649,0.4427002999,-1.341891325,-0.0588859049,0.1540472899,-0.4554591749,1.283668177,0.3105759505,-0.6739810887,-0.6821787076,8.296828781,2.215868777,-0.3624514724,9.113598169,-1.460899668,0.6022841596,-0.6939329082,-1.111300851,0.4441620905,3820.86,0,-1
172273,-9.030537586,-11.11258425,-16.23379766,3.592020944,-40.4277263,23.91783713,44.05446136,-7.277778108,-4.210637318,-7.77643453,0.214172733,-4.499851144,0.241005461,0.5378950965,2.901937922,2.326099029,-0.4021421674,1.257379149,2.008145136,2.454552551,-0.2690478722,0.988143688,7.040027928,0.347693499,2.520868894,2.342494513,3.478175461,-2.713136043,10199.44,0,-1